date,year,quarter,month_number,month_name,month_sort,week_number,is_month_end
2026-07-01,2026,Q3,7,July,202607,27,false
2026-07-02,2026,Q3,7,July,202607,27,false
2026-07-03,2026,Q3,7,July,202607,27,false
2026-07-04,2026,Q3,7,July,202607,27,false
2026-07-05,2026,Q3,7,July,202607,27,false
2026-07-06,2026,Q3,7,July,202607,28,false
2026-07-07,2026,Q3,7,July,202607,28,false
2026-07-08,2026,Q3,7,July,202607,28,false
2026-07-09,2026,Q3,7,July,202607,28,false
2026-07-10,2026,Q3,7,July,202607,28,false
2026-07-11,2026,Q3,7,July,202607,28,false
2026-07-12,2026,Q3,7,July,202607,28,false
2026-07-13,2026,Q3,7,July,202607,29,false
2026-07-14,2026,Q3,7,July,202607,29,false
2026-07-15,2026,Q3,7,July,202607,29,false
2026-07-16,2026,Q3,7,July,202607,29,false
2026-07-17,2026,Q3,7,July,202607,29,false
2026-07-18,2026,Q3,7,July,202607,29,false
2026-07-19,2026,Q3,7,July,202607,29,false
2026-07-20,2026,Q3,7,July,202607,30,false
2026-07-21,2026,Q3,7,July,202607,30,false
2026-07-22,2026,Q3,7,July,202607,30,false
2026-07-23,2026,Q3,7,July,202607,30,false
2026-07-24,2026,Q3,7,July,202607,30,false
2026-07-25,2026,Q3,7,July,202607,30,false
2026-07-26,2026,Q3,7,July,202607,30,false
2026-07-27,2026,Q3,7,July,202607,31,false
2026-07-28,2026,Q3,7,July,202607,31,false
2026-07-29,2026,Q3,7,July,202607,31,false
2026-07-30,2026,Q3,7,July,202607,31,false
2026-07-31,2026,Q3,7,July,202607,31,true
2026-08-01,2026,Q3,8,August,202608,31,false
2026-08-02,2026,Q3,8,August,202608,31,false
2026-08-03,2026,Q3,8,August,202608,32,false
2026-08-04,2026,Q3,8,August,202608,32,false
2026-08-05,2026,Q3,8,August,202608,32,false
2026-08-06,2026,Q3,8,August,202608,32,false
2026-08-07,2026,Q3,8,August,202608,32,false
2026-08-08,2026,Q3,8,August,202608,32,false
2026-08-09,2026,Q3,8,August,202608,32,false
2026-08-10,2026,Q3,8,August,202608,33,false
2026-08-11,2026,Q3,8,August,202608,33,false
2026-08-12,2026,Q3,8,August,202608,33,false
2026-08-13,2026,Q3,8,August,202608,33,false
2026-08-14,2026,Q3,8,August,202608,33,false
2026-08-15,2026,Q3,8,August,202608,33,false
2026-08-16,2026,Q3,8,August,202608,33,false
2026-08-17,2026,Q3,8,August,202608,34,false
2026-08-18,2026,Q3,8,August,202608,34,false
2026-08-19,2026,Q3,8,August,202608,34,false
2026-08-20,2026,Q3,8,August,202608,34,false
2026-08-21,2026,Q3,8,August,202608,34,false
2026-08-22,2026,Q3,8,August,202608,34,false
2026-08-23,2026,Q3,8,August,202608,34,false
2026-08-24,2026,Q3,8,August,202608,35,false
2026-08-25,2026,Q3,8,August,202608,35,false
2026-08-26,2026,Q3,8,August,202608,35,false
2026-08-27,2026,Q3,8,August,202608,35,false
2026-08-28,2026,Q3,8,August,202608,35,false
2026-08-29,2026,Q3,8,August,202608,35,false
2026-08-30,2026,Q3,8,August,202608,35,false
2026-08-31,2026,Q3,8,August,202608,36,true
2026-09-01,2026,Q3,9,September,202609,36,false
2026-09-02,2026,Q3,9,September,202609,36,false
2026-09-03,2026,Q3,9,September,202609,36,false
2026-09-04,2026,Q3,9,September,202609,36,false
2026-09-05,2026,Q3,9,September,202609,36,false
2026-09-06,2026,Q3,9,September,202609,36,false
2026-09-07,2026,Q3,9,September,202609,37,false
2026-09-08,2026,Q3,9,September,202609,37,false
2026-09-09,2026,Q3,9,September,202609,37,false
2026-09-10,2026,Q3,9,September,202609,37,false
2026-09-11,2026,Q3,9,September,202609,37,false
2026-09-12,2026,Q3,9,September,202609,37,false
2026-09-13,2026,Q3,9,September,202609,37,false
2026-09-14,2026,Q3,9,September,202609,38,false
2026-09-15,2026,Q3,9,September,202609,38,false
2026-09-16,2026,Q3,9,September,202609,38,false
2026-09-17,2026,Q3,9,September,202609,38,false
2026-09-18,2026,Q3,9,September,202609,38,false
2026-09-19,2026,Q3,9,September,202609,38,false
2026-09-20,2026,Q3,9,September,202609,38,false
2026-09-21,2026,Q3,9,September,202609,39,false
2026-09-22,2026,Q3,9,September,202609,39,false
2026-09-23,2026,Q3,9,September,202609,39,false
2026-09-24,2026,Q3,9,September,202609,39,false
2026-09-25,2026,Q3,9,September,202609,39,false
2026-09-26,2026,Q3,9,September,202609,39,false
2026-09-27,2026,Q3,9,September,202609,39,false
2026-09-28,2026,Q3,9,September,202609,40,false
2026-09-29,2026,Q3,9,September,202609,40,false
2026-09-30,2026,Q3,9,September,202609,40,true
